,wheel-base,length,width,curb-weight,num-of-cylinders,engine-size,bore,horsepower,city-mpg,highway-mpg,price,price-range,convertible,hardtop,hatchback,sedan,wagon,4wd,fwd,rwd
0,-1.6809100660380731,-0.4383150689245268,-0.8513345559782859,-0.014820636344078236,-0.3428038246190091,0.07520135170068498,0.5196498132072913,0.22240058567926305,-0.6506244800016466,-0.5409370591313337,0.03622351121532495,<20k,1,0,0,0,0,0,0,1
1,-1.6809100660380731,-0.4383150689245268,-0.8513345559782859,-0.014820636344078236,-0.3428038246190091,0.07520135170068498,0.5196498132072913,0.22240058567926305,-0.6506244800016466,-0.5409370591313337,0.4143504665852117,<20k,1,0,0,0,0,0,0,1
2,-0.7083343208611907,-0.2435442608467981,-0.18513448909204067,0.5167891455630864,1.5449651821870396,0.6047242453637887,-2.4273213953350807,1.334146254867159,-0.9619947668595775,-0.6876689739564323,0.4143504665852117,<20k,0,0,1,0,0,0,0,1
3,0.16533541633160045,0.19469005732809616,0.14796554435108197,-0.4227103235528482,-0.3428038246190091,-0.4302523195231867,-0.5248463113393732,-0.010290368336808199,-0.18356904971475024,-0.10074131465603804,0.09347734306001662,<20k,0,0,0,1,0,0,1,0
4,0.09939807767554211,0.19469005732809616,0.24313698247768942,0.5187222720427488,0.6010806787840153,0.2196166863360769,-0.5248463113393732,0.3258187874641836,-1.117679910288543,-1.2745966332568266,0.5338914341730295,<20k,0,0,0,1,0,1,0,0
5,0.16533541633160045,0.2514982096841023,0.1955512634143823,-0.09407882201023733,0.6010806787840153,0.2196166863360769,-0.5248463113393732,0.1965460352330329,-0.9619947668595775,-0.8344008887815308,0.25705971975913566,<20k,0,0,0,1,0,0,1,0
6,1.1543954961724967,1.501277561516205,2.6224229356428417,0.5573848016359971,0.6010806787840153,0.2196166863360769,-0.5248463113393732,0.1965460352330329,-0.9619947668595775,-0.8344008887815308,0.5666079095128533,<20k,0,0,0,1,0,0,1,0
7,1.1543954961724967,1.501277561516205,2.6224229356428417,0.770028714398863,0.6010806787840153,0.2196166863360769,-0.5248463113393732,0.1965460352330329,-0.9619947668595775,-0.8344008887815308,0.7188653524404949,<20k,0,0,0,0,1,0,1,0
8,1.1543954961724967,1.501277561516205,2.6224229356428417,1.025201409714302,0.6010806787840153,0.09927057413991697,-0.7486669094565156,0.972182548619937,-1.2733650537175085,-1.5680604629070236,1.3423658728590602,>=20k,0,0,0,1,0,0,1,0
9,0.3961161016278105,0.21092095800124178,-0.5182345225351633,-0.310588987732428,-0.3428038246190091,-0.4543215419624187,0.6315601122658616,-0.036144918783038334,-0.3392541931437157,-0.24747322948113662,0.40554218476295145,<20k,0,0,0,1,0,0,0,1
10,0.3961161016278105,0.21092095800124178,-0.5182345225351633,-0.310588987732428,-0.3428038246190091,-0.4543215419624187,0.6315601122658616,-0.036144918783038334,-0.3392541931437157,-0.24747322948113662,0.46782932050607756,<20k,0,0,0,1,0,0,0,1
11,0.3961161016278105,0.21092095800124178,-0.5182345225351633,0.2983458533612333,1.5449651821870396,0.8935549146345725,-0.07720511510508843,0.4809460901415644,-0.6506244800016466,-0.39420514430623516,0.9768221772352595,>=20k,0,0,0,1,0,0,0,1
12,0.3961161016278105,0.21092095800124178,-0.5182345225351633,0.4046678097426662,1.5449651821870396,0.8935549146345725,-0.07720511510508843,0.4809460901415644,-0.6506244800016466,-0.39420514430623516,0.9938095778924758,>=20k,0,0,0,1,0,0,0,1
13,0.7752557989001536,1.201005899063038,0.4810655777942046,0.9652744888447671,1.5449651821870396,0.8935549146345725,-0.07720511510508843,0.4809460901415644,-0.8063096234306121,-0.8344008887815308,1.429190365107054,>=20k,0,0,0,1,0,0,0,1
14,0.7752557989001536,1.201005899063038,0.4810655777942046,1.3035716227856902,1.5449651821870396,1.9766699244000119,1.0792013085001464,2.0580736673616027,-1.429050197146474,-1.2745966332568266,2.208723306377087,>=20k,0,0,0,1,0,0,0,1
15,0.7752557989001536,1.5905475152185,0.956922768427235,1.5935405947350525,1.5449651821870396,1.9766699244000119,1.0792013085001464,2.0580736673616027,-1.429050197146474,-1.2745966332568266,3.5368863725764728,>=20k,0,0,0,1,0,0,0,1
16,1.8467375520611247,1.8502419259888065,2.3844943403263263,1.8351814046928547,1.5449651821870396,1.9766699244000119,1.0792013085001464,2.0580736673616027,-1.5847353405754394,-1.5680604629070236,2.978818802837555,>=20k,0,0,0,1,0,0,0,1
17,-1.7138787353661011,-2.686294812155002,-2.6595918803838003,-2.06393470478624,-1.2866883280220334,-1.5855749966063222,-1.569342435886036,-1.4064360924332358,3.397189249151455,3.274092726321229,-1.0137236819980977,<20k,0,0,1,0,0,0,1,0
18,-0.7083343208611907,-1.4852081623423292,-1.0892631512947977,-1.3177478836365473,-0.3428038246190091,-0.8875675458685944,-1.121701239651753,-0.8376359826161727,1.996022958290766,1.8067735780702432,-0.8697711905028729,<20k,0,0,1,0,0,0,1,0
19,-0.7083343208611907,-1.2498601025817375,-1.0892631512947977,-1.2500884568483626,-0.3428038246190091,-0.8875675458685944,-1.121701239651753,-0.8376359826161727,1.996022958290766,1.8067735780702432,-0.8345380632138318,<20k,0,0,0,1,0,0,1,0
20,-0.8402089981733099,-1.3715918576303192,-0.9940917131681937,-1.3138816306772223,-0.3428038246190091,-0.8875675458685944,-1.3455218377688936,-0.889345083508633,1.8403378148618006,1.5133097484200462,-0.9607481584670753,<20k,0,0,1,0,0,0,1,0
21,-0.8402089981733099,-1.3715918576303192,-0.9940917131681937,-1.3138816306772223,-0.3428038246190091,-0.8875675458685944,-1.3455218377688936,-0.889345083508633,0.9062269542880079,1.0731140039447504,-0.8594529175110823,<20k,0,0,1,0,0,0,1,0
22,-0.8402089981733099,-1.3715918576303192,-0.9940917131681937,-0.8267337578022933,-0.3428038246190091,-0.6950137663547385,-1.121701239651753,-0.010290368336808199,-0.18356904971475024,-0.10074131465603804,-0.6606374135229223,<20k,0,0,1,0,0,0,1,0
23,-0.8402089981733099,-1.3715918576303192,-0.9940917131681937,-1.1379671210279425,-0.3428038246190091,-0.8875675458685944,-1.3455218377688936,-0.889345083508633,0.9062269542880079,1.0731140039447504,-0.8780761419352897,<20k,0,0,1,0,0,0,1,0
24,-0.8402089981733099,-1.3715918576303192,-0.9940917131681937,-1.0954383384753692,-0.3428038246190091,-0.8875675458685944,-1.3455218377688936,-0.889345083508633,0.9062269542880079,1.0731140039447504,-0.8198156493109112,<20k,0,0,0,1,0,0,1,0
25,-0.8402089981733099,-1.3715918576303192,-0.9940917131681937,-1.0954383384753692,-0.3428038246190091,-0.8875675458685944,-1.3455218377688936,-0.889345083508633,0.9062269542880079,1.0731140039447504,-0.7044271574393018,<20k,0,0,0,1,0,0,1,0
26,-0.8402089981733099,-1.3715918576303192,-0.9940917131681937,-0.704946789583561,-0.3428038246190091,-0.6950137663547385,-1.121701239651753,-0.010290368336808199,-0.18356904971475024,-0.10074131465603804,-0.5850120224489449,<20k,0,0,0,1,0,0,1,0
27,0.7422871295721233,0.03238105059665401,-0.6134059606617708,-0.039951280579689656,-0.3428038246190091,-0.11735242781317091,0.03470518395348194,-0.37225407458403015,-0.18356904971475024,-0.10074131465603804,-0.5393347895706524,<20k,0,0,0,0,1,0,1,0
28,-0.4775536355649807,-0.08123525411535595,0.1955512634143823,0.4935916278071374,-0.3428038246190091,0.7010011351207166,1.0045944424610989,1.1014553008510877,-0.9619947668595775,-0.9811328036066295,-0.03059359803639214,<20k,0,0,1,0,0,0,1,0
29,-2.010596759318372,-2.402254050374978,-0.94650599410489,-1.6289812468621963,-0.3428038246190091,-0.8394291009901305,-1.569342435886036,-1.1478905879709342,3.708559536009386,3.4208246411463272,-0.8466179925700745,<20k,0,0,1,0,0,0,1,0
30,-2.010596759318372,-2.402254050374978,-0.94650599410489,-1.42406984001798,-0.3428038246190091,-0.8394291009901305,-1.569342435886036,-0.6825086799387918,0.9062269542880079,1.0731140039447504,-0.7993049359247909,<20k,0,0,1,0,0,0,1,0
31,-0.8402089981733099,-1.9640197322000839,-0.8989202750415862,-1.3892735633840567,-0.3428038246190091,-1.1523289927001463,-1.569342435886036,-1.096181487078474,1.996022958290766,1.6600416632451447,-0.9825171978278042,<20k,0,0,1,0,0,0,1,0
32,-0.8402089981733099,-1.9640197322000839,-0.8989202750415862,-1.1901615359788278,-0.3428038246190091,-0.8394291009901305,-1.569342435886036,-0.6825086799387918,0.7505418108590425,0.4861863446443562,-0.8403263626970315,<20k,0,0,1,0,0,0,1,0
33,-0.8402089981733099,-1.9640197322000839,-0.8989202750415862,-1.159231512304229,-0.3428038246190091,-0.8394291009901305,-1.569342435886036,-0.6825086799387918,0.7505418108590425,0.4861863446443562,-0.764826804220515,<20k,0,0,1,0,0,0,1,0
34,-0.37864762758089204,-0.8765493870994211,-0.8989202750415862,-1.0548426824024586,-0.3428038246190091,-0.8394291009901305,-1.569342435886036,-0.6825086799387918,0.7505418108590425,0.4861863446443562,-0.7439385930420122,<20k,0,0,0,1,0,0,1,0
35,-0.37864762758089204,-1.3878227583034648,-0.94650599410489,-1.0277789116871847,-0.3428038246190091,-0.8394291009901305,-1.532039002866513,-0.6825086799387918,0.7505418108590425,0.4861863446443562,-0.7439385930420122,<20k,0,0,0,0,1,0,1,0
36,-0.37864762758089204,-0.5438159232999652,-0.32789164628194845,-0.6179560979987523,-0.3428038246190091,-0.4061830970839547,-0.6740600434174681,-0.42396317547649043,0.2834863805721461,0.33945442981925766,-0.6684390345654956,<20k,0,0,1,0,0,0,1,0
37,-0.37864762758089204,-0.5438159232999652,-0.32789164628194845,-0.5155003945766442,-0.3428038246190091,-0.4061830970839547,-0.6740600434174681,-0.42396317547649043,0.2834863805721461,0.33945442981925766,-0.5174399176124627,<20k,0,0,1,0,0,0,1,0
38,-0.37864762758089204,0.0973046532892318,-0.32789164628194845,-0.48650349738170795,-0.3428038246190091,-0.4061830970839547,-0.6740600434174681,-0.42396317547649043,0.2834863805721461,0.33945442981925766,-0.5488980669776778,<20k,0,0,0,1,0,0,1,0
39,-0.37864762758089204,0.0973046532892318,-1.612706060991132,-0.3550508967646636,-0.3428038246190091,-0.4061830970839547,-0.6740600434174681,-0.42396317547649043,0.2834863805721461,0.33945442981925766,-0.36644080065942963,<20k,0,0,0,1,0,0,1,0
40,-0.37864762758089204,0.0973046532892318,-0.32789164628194845,-0.17527013415605883,-0.3428038246190091,-0.4061830970839547,-0.6740600434174681,-0.036144918783038334,-0.18356904971475024,-0.39420514430623516,-0.032984417388148494,<20k,0,0,0,1,0,0,1,0
41,-0.37864762758089204,-0.4139687179148119,0.052794106224474543,-0.5077678886579945,-0.3428038246190091,-0.4061830970839547,-0.6740600434174681,-0.061999469229268474,-0.0278839062857848,0.045990600169060515,-0.36014917078638664,<20k,0,0,0,1,0,0,1,0
42,-0.7413029901892211,-0.2841215125296586,-1.9458060944342546,-0.4227103235528482,-0.3428038246190091,-0.38211387464472274,-0.07720511510508843,-0.6307995790463315,-0.18356904971475024,-0.24747322948113662,-0.8081132177470511,<20k,0,0,0,1,0,0,0,1
43,-0.4610693009009667,-0.12992795613478814,-0.32789164628194845,0.3447408888731313,-0.3428038246190091,-0.18956009513086686,0.37043608112919635,-0.32054497369156987,-0.18356904971475024,-0.24747322948113662,-0.2716888547714015,<20k,0,0,1,0,0,0,0,1
44,2.341267591981573,2.061243634739681,1.7658799925033812,2.9196653597834707,1.5449651821870396,3.156061823922379,1.1165047415196694,1.902946364684222,-1.5847353405754394,-1.7147923777321221,2.3962138765937695,>=20k,0,0,0,1,0,0,0,1
45,2.341267591981573,2.061243634739681,1.7658799925033812,2.9196653597834707,1.5449651821870396,3.156061823922379,1.1165047415196694,1.902946364684222,-1.5847353405754394,-1.7147923777321221,2.8114614482146103,>=20k,0,0,0,1,0,0,0,1
46,0.5279907789399295,1.420123058150484,2.241737183136412,2.69542268814263,7.208272202605186,4.792768949790154,0.7807738443439566,4.126437703060014,-1.8961056274333703,-2.008256207382319,2.868086117071998,>=20k,0,0,0,1,0,0,0,1
47,-0.9391150061574008,-1.2255137515720227,-0.8037488369149789,-1.2868178599619486,-0.3428038246190091,-0.8634983234293625,-1.121701239651753,-0.889345083508633,0.7505418108590425,0.045990600169060515,-1.0081870477098198,<20k,0,0,1,0,0,0,1,0
48,-0.9391150061574008,-1.2255137515720227,-0.8037488369149789,-1.2674865951653245,-0.3428038246190091,-0.8634983234293625,-1.121701239651753,-0.889345083508633,0.9062269542880079,1.0731140039447504,-0.8949377099950451,<20k,0,0,1,0,0,0,1,0
49,-0.9391150061574008,-1.2255137515720227,-0.8037488369149789,-1.2578209627670123,-0.3428038246190091,-0.8634983234293625,-1.121701239651753,-0.889345083508633,0.9062269542880079,1.0731140039447504,-0.8068548917724425,<20k,0,0,1,0,0,0,1,0
50,-0.9391150061574008,-0.600624075655969,-0.8037488369149789,-1.1804959035805156,-0.3428038246190091,-0.8634983234293625,-1.121701239651753,-0.889345083508633,0.9062269542880079,1.0731140039447504,-0.8194381515185286,<20k,0,0,0,1,0,0,1,0
51,-0.9391150061574008,-0.600624075655969,-0.8037488369149789,-1.1708302711822036,-0.3428038246190091,-0.8634983234293625,-0.9351840745541333,-0.889345083508633,0.9062269542880079,1.0731140039447504,-0.7313553332959261,<20k,0,0,0,1,0,0,1,0
52,-0.5764596435490718,-0.42208416825138356,-0.08996305096543322,-0.33958588492736425,-2.2305728314250577,-1.3689519946532342,-0.002598249066040962,-0.036144918783038334,-1.2733650537175085,-1.127864718431728,-0.2846496123098701,<20k,0,0,1,0,0,0,0,1
53,-0.5764596435490718,-0.42208416825138356,-0.08996305096543322,-0.33958588492736425,-2.2305728314250577,-1.3689519946532342,-0.002598249066040962,-0.036144918783038334,-1.2733650537175085,-1.127864718431728,-0.17140027459509538,<20k,0,0,1,0,0,0,0,1
54,-0.5764596435490718,-0.42208416825138356,-0.08996305096543322,-0.32992025252905216,-2.2305728314250577,-1.3689519946532342,-0.002598249066040962,-0.036144918783038334,-1.2733650537175085,-1.127864718431728,0.055098400834454074,<20k,0,0,1,0,0,0,0,1
55,-0.5764596435490718,-0.42208416825138356,-0.08996305096543322,-0.10761070736787424,-2.2305728314250577,-1.1282597702609143,-0.002598249066040962,0.8429097963887864,-1.429050197146474,-1.127864718431728,0.30676359575617573,<20k,0,0,1,0,0,0,0,1
56,0.000492069691451077,0.29207546136696283,0.2907227015409897,-0.32992025252905216,-0.3428038246190091,-0.11735242781317091,0.2212223490511014,-0.4756722763689507,0.12780123714318065,0.19272251499415907,-0.5488980669776778,<20k,0,0,1,0,0,0,1,0
57,0.000492069691451077,0.29207546136696283,0.2907227015409897,-0.2815920905374918,-0.3428038246190091,-0.11735242781317091,0.2212223490511014,-0.4756722763689507,0.12780123714318065,0.19272251499415907,-0.5929394760889791,<20k,0,0,0,1,0,0,1,0
58,0.000492069691451077,0.29207546136696283,0.2907227015409897,-0.32992025252905216,-0.3428038246190091,-0.11735242781317091,0.2212223490511014,-0.4756722763689507,0.12780123714318065,0.19272251499415907,-0.3286910214211714,<20k,0,0,1,0,0,0,1,0
59,0.000492069691451077,0.29207546136696283,0.2907227015409897,-0.2815920905374918,-0.3428038246190091,-0.11735242781317091,0.2212223490511014,-0.4756722763689507,0.12780123714318065,0.19272251499415907,-0.3727324305324727,<20k,0,0,0,1,0,0,1,0
60,0.000492069691451077,0.29207546136696283,0.2907227015409897,-0.217798916708632,-0.3428038246190091,-0.11735242781317091,0.2212223490511014,-0.9927632852935535,1.6846526714328351,1.6600416632451447,-0.30352450192899927,<20k,0,0,0,1,0,0,1,0
61,0.000492069691451077,0.29207546136696283,0.2907227015409897,-0.25259519334255554,-0.3428038246190091,-0.11735242781317091,0.2212223490511014,-0.4756722763689507,0.12780123714318065,0.19272251499415907,-0.24689983307161187,<20k,0,0,1,0,0,0,1,0
62,1.0060364841963636,0.06484285194294291,0.10037982528777488,0.22102079417473663,-0.3428038246190091,0.31589357609300484,1.601449370773477,0.4550915396953343,-0.9619947668595775,-0.5409370591313337,0.6383324900655439,<20k,0,0,0,1,0,0,0,1
63,1.0060364841963636,0.06484285194294291,0.10037982528777488,0.27901458856460915,-0.3428038246190091,0.17147824145761292,0.37043608112919635,-0.7859268817237124,0.9062269542880079,1.219845918769849,0.6463857763030391,<20k,0,0,0,1,0,0,0,1
64,1.8467375520611247,1.3551994554579085,2.098980025946504,1.854512669489479,0.6010806787840153,1.3508701409799801,0.9299875764220514,0.5326551910340247,-0.4949393365726812,-0.8344008887815308,1.5533871388009237,>=20k,0,0,0,1,0,0,0,1
65,1.8467375520611247,1.3551994554579085,2.098980025946504,2.308797392210147,0.6010806787840153,1.3508701409799801,0.9299875764220514,0.5326551910340247,-0.4949393365726812,-0.8344008887815308,1.8926318215554045,>=20k,0,0,0,0,1,0,0,1
66,1.302754508148632,1.0792741440144564,2.098980025946504,1.8158501398962306,0.6010806787840153,1.3508701409799801,0.9299875764220514,0.5326551910340247,-0.4949393365726812,-0.8344008887815308,1.8835718745382226,>=20k,0,1,0,0,0,0,0,1
67,2.7698602932459604,2.304707144836844,2.765180092832749,2.347459921803395,0.6010806787840153,1.3508701409799801,0.9299875764220514,0.5326551910340247,-0.4949393365726812,-0.8344008887815308,2.31442268824421,>=20k,0,0,0,1,0,0,0,1
68,2.7698602932459604,2.304707144836844,2.765180092832749,2.289466127413523,3.4327341889930882,2.5784004853808113,0.4823463801877667,1.3600008053133892,-1.429050197146474,-1.8615242925572208,2.6395741200830742,>=20k,0,0,0,1,0,0,0,1
69,-0.36216329291687804,0.4949617197812655,2.1941514640731112,2.18314417103209,3.4327341889930882,2.5784004853808113,0.4823463801877667,1.3600008053133892,-1.429050197146474,-1.8615242925572208,2.749300145068945,>=20k,1,0,0,0,0,0,0,1
70,3.643530030438754,2.75105691334831,2.765180092832749,2.5987663641595096,3.4327341889930882,4.359522945883978,1.7506631028515718,2.109782768254063,-1.7404204840044049,-2.154988122207418,3.4922158004778674,>=20k,0,0,0,1,0,0,0,1
71,2.1764242453414235,2.028781833393392,2.907937250022657,2.241137965421962,3.4327341889930882,4.26324605612705,1.7506631028515718,2.109782768254063,-1.7404204840044049,-2.154988122207418,4.050912533204089,>=20k,0,1,0,0,0,0,0,1
72,0.6433811215880346,0.34076816338639504,1.0045084874905355,0.6849711492937167,-0.3428038246190091,0.31589357609300484,1.6760562368125245,1.877091814237992,-0.9619947668595775,-0.9811328036066295,0.4147279643775943,<20k,0,0,1,0,0,0,0,1
73,-0.8402089981733099,-1.3715918576303192,-0.7085773987883714,-1.2326903185314009,-0.3428038246190091,-0.8394291009901305,-1.3455218377688936,-0.889345083508633,1.8403378148618006,1.5133097484200462,-0.9837755238024128,<20k,0,0,1,0,0,0,1,0
74,-0.8402089981733099,-1.3715918576303192,-0.7085773987883714,-1.182429030060178,-0.3428038246190091,-0.8394291009901305,-1.3455218377688936,-0.889345083508633,0.9062269542880079,1.0731140039447504,-0.8831094458337242,<20k,0,0,1,0,0,0,1,0
75,-0.8402089981733099,-1.3715918576303192,-0.7085773987883714,-1.066441441280433,-0.3428038246190091,-0.8394291009901305,-1.3455218377688936,-0.889345083508633,0.9062269542880079,1.0731140039447504,-0.822709799052511,<20k,0,0,1,0,0,0,1,0
76,-0.9555993408214148,-1.3715918576303192,-0.9940917131681937,-0.7938706076480322,-0.3428038246190091,-0.6950137663547385,-1.121701239651753,-0.010290368336808199,-0.18356904971475024,-0.10074131465603804,-0.694360549642433,<20k,0,0,1,0,0,0,1,0
77,-0.4116162969089224,-0.09746615478849924,-0.232720208155341,-0.3589171497239884,-0.3428038246190091,-0.4061830970839547,-0.5994531773784206,0.3516733379104137,-0.3392541931437157,-0.10074131465603804,-0.4087205534062789,<20k,0,0,1,0,0,0,1,0
78,-0.4116162969089224,-0.09746615478849924,-0.232720208155341,-0.44010846186980995,-0.3428038246190091,-0.11735242781317091,0.07200861697300649,-0.37225407458403015,-0.0278839062857848,0.19272251499415907,-0.5924361456991357,<20k,0,0,1,0,0,0,1,0
79,-0.4775536355649807,-0.08123525411535595,0.1955512634143823,0.5361204103597106,-0.3428038246190091,0.7010011351207166,0.9299875764220514,1.1014553008510877,-0.9619947668595775,-0.9811328036066295,-0.07274751818578051,<20k,0,0,1,0,0,0,1,0
80,-0.4775536355649807,-0.08123525411535595,0.1955512634143823,0.7062355405700033,-0.3428038246190091,0.7010011351207166,0.9672910094415743,1.1014553008510877,-0.9619947668595775,-0.9811328036066295,0.2091175001265477,<20k,0,0,1,0,0,0,1,0
81,-0.4775536355649807,-0.08123525411535595,0.1955512634143823,0.7159011729683153,-0.3428038246190091,0.7010011351207166,0.9672910094415743,1.1014553008510877,-0.9619947668595775,-0.9811328036066295,0.16130111309142062,<20k,0,0,1,0,0,0,1,0
82,-0.4116162969089224,-0.14615885680793142,-0.232720208155341,-0.3685827821223005,-0.3428038246190091,-0.11735242781317091,0.07200861697300649,-0.37225407458403015,-0.0278839062857848,0.19272251499415907,-0.7824433678650355,<20k,0,0,0,1,0,0,1,0
83,-0.4116162969089224,-0.14615885680793142,-0.232720208155341,-0.2912577229358038,-0.3428038246190091,-0.11735242781317091,0.07200861697300649,-0.37225407458403015,-0.0278839062857848,0.19272251499415907,-0.6314442509120025,<20k,0,0,0,1,0,0,1,0
84,-0.4116162969089224,-0.14615885680793142,-0.232720208155341,-0.2951239758951287,-0.3428038246190091,-0.4061830970839547,-0.5994531773784206,0.3516733379104137,-0.3392541931437157,-0.10074131465603804,-0.49428671967966425,<20k,0,0,0,1,0,0,1,0
85,-0.4116162969089224,-0.14615885680793142,-0.232720208155341,-0.2951239758951287,-0.3428038246190091,-0.4061830970839547,-0.5994531773784206,0.3516733379104137,-0.3392541931437157,-0.10074131465603804,-0.49428671967966425,<20k,0,0,0,1,0,0,1,0
86,-0.7083343208611907,-0.7223558307045506,-0.9940917131681937,-1.288750986441611,-0.3428038246190091,-0.7190829887939706,-0.6740600434174681,-0.8634905330624028,0.9062269542880079,0.9263820891196519,-0.9699339380817181,<20k,0,0,0,1,0,0,1,0
87,-0.7083343208611907,-0.7223558307045506,-0.9940917131681937,-1.0413107970448217,-0.3428038246190091,-0.5746676541585787,-1.270914971729846,-1.2254542393096246,3.085818962293524,2.833896981845933,-0.7686017821443408,<20k,0,0,0,1,0,0,1,0
88,-0.7083343208611907,-0.7223558307045506,-0.9940917131681937,-1.2326903185314009,-0.3428038246190091,-0.7190829887939706,-0.6740600434174681,-0.8634905330624028,0.9062269542880079,0.9263820891196519,-0.8252264510017282,<20k,0,0,0,1,0,0,1,0
89,-0.7083343208611907,-0.7223558307045506,-0.9940917131681937,-1.1940277889381525,-0.3428038246190091,-0.7190829887939706,-0.6740600434174681,-0.8634905330624028,0.9062269542880079,0.9263820891196519,-0.800059931509556,<20k,0,0,0,1,0,0,1,0
90,-0.7083343208611907,-0.3246987642125192,-0.9940917131681937,-1.0277789116871847,-0.3428038246190091,-0.7190829887939706,-0.6740600434174681,-0.8634905330624028,0.9062269542880079,0.9263820891196519,-0.7371436327791256,<20k,0,0,0,0,1,0,1,0
91,-0.7083343208611907,-0.7223558307045506,-0.9940917131681937,-1.1688971447025411,-0.3428038246190091,-0.7190829887939706,-0.6740600434174681,-0.8634905330624028,0.9062269542880079,0.9263820891196519,-0.7434352626521686,<20k,0,0,0,1,0,0,1,0
92,-0.7083343208611907,-0.6980094796948356,-0.9940917131681937,-1.020046405768535,-0.3428038246190091,-0.7190829887939706,-0.6740600434174681,-0.8634905330624028,0.9062269542880079,0.9263820891196519,-0.6805189639217383,<20k,0,0,1,0,0,0,1,0
93,-0.7083343208611907,-0.7223558307045506,-0.9940917131681937,-1.1302346151092928,-0.3428038246190091,-0.7190829887939706,-0.6740600434174681,-0.8634905330624028,0.9062269542880079,0.9263820891196519,-0.7182687431599964,<20k,0,0,0,1,0,0,1,0
94,-0.7083343208611907,-0.3246987642125192,-0.9940917131681937,-1.0026482674515733,-0.3428038246190091,-0.7190829887939706,-0.6740600434174681,-0.8634905330624028,0.9062269542880079,0.9263820891196519,-0.6553524444295661,<20k,0,0,0,0,1,0,1,0
95,-0.6094283128771021,-0.9577038904651421,-0.9940917131681937,-1.0587089353617833,-0.3428038246190091,-0.7190829887939706,-0.6740600434174681,-0.8634905330624028,0.9062269542880079,0.9263820891196519,-0.6238942950643509,<20k,0,1,0,0,0,0,1,0
96,-0.263257284932787,-0.06500435344221035,-0.32789164628194845,-0.4478409677884596,-0.3428038246190091,-0.16549087269163487,-0.002598249066040962,-0.1395631205679589,0.2834863805721461,0.4861863446443562,-0.5358114768417483,<20k,0,0,1,0,0,0,1,0
97,-0.263257284932787,-0.06500435344221035,-0.32789164628194845,-0.4903697503410328,-0.3428038246190091,-0.16549087269163487,-0.002598249066040962,-0.1395631205679589,0.2834863805721461,0.4861863446443562,-0.46031191836523183,<20k,0,0,0,1,0,0,1,0
98,0.2642414243156915,0.6085780244932731,0.2907227015409897,1.0425995480312638,1.5449651821870396,1.3027316961015163,0.37043608112919635,1.2824371539746988,-1.2733650537175085,-1.2745966332568266,0.0367268416051684,<20k,0,0,0,1,0,0,1,0
99,0.2642414243156915,0.8439260842538647,0.2907227015409897,1.4311579704434096,1.5449651821870396,1.3027316961015163,0.37043608112919635,1.2824371539746988,-1.2733650537175085,-1.2745966332568266,0.14997617931994314,<20k,0,0,0,0,1,0,1,0
100,0.2642414243156915,0.8439260842538647,0.2907227015409897,0.9749401212430792,1.5449651821870396,1.3027316961015163,0.37043608112919635,1.2824371539746988,-0.9619947668595775,-0.8344008887815308,0.0367268416051684,<20k,0,0,0,1,0,0,1,0
101,-1.2358330301096692,-0.2841215125296586,0.956922768427235,0.9962045125193658,1.5449651821870396,1.3027316961015163,0.37043608112919635,1.48927355754454,-0.9619947668595775,-0.8344008887815308,0.5023074522103534,<20k,0,0,1,0,0,0,0,1
102,-1.2358330301096692,-0.2841215125296586,0.956922768427235,1.1276571131364101,1.5449651821870396,1.3027316961015163,0.37043608112919635,2.5234555753937453,-1.2733650537175085,-1.127864718431728,0.8168889458625055,<20k,0,0,1,0,0,0,0,1
103,0.06642940834751176,0.34888361372296667,0.956922768427235,1.1276571131364101,1.5449651821870396,1.3027316961015163,0.37043608112919635,1.48927355754454,-0.9619947668595775,-0.8344008887815308,0.6533065691633864,<20k,0,0,1,0,0,0,0,1
104,1.5005665241168118,1.0143505413218785,1.1948513637437503,0.8976150620565825,-0.3428038246190091,-0.16549087269163487,0.4823463801877667,-0.1395631205679589,-0.9619947668595775,-0.9811328036066295,-0.16447948173474805,<20k,0,0,0,1,0,0,0,1
105,1.5005665241168118,1.0143505413218785,1.1948513637437503,1.2397784489568302,-0.3428038246190091,0.6047242453637887,1.3776287726563363,-0.19127222146041917,0.4391715240011116,0.33945442981925766,-0.0008971050356289869,<20k,0,0,0,1,0,0,0,1
106,2.5390796079497524,2.004435482383677,1.1948513637437503,1.3035716227856902,-0.3428038246190091,-0.16549087269163487,0.4823463801877667,-0.1395631205679589,-0.9619947668595775,-0.9811328036066295,-0.0965298791058832,<20k,0,0,0,0,1,0,0,1
107,2.5390796079497524,2.004435482383677,1.1948513637437503,1.6901969187181733,-0.3428038246190091,0.6047242453637887,1.3776287726563363,-0.19127222146041917,-0.0278839062857848,-0.8344008887815308,0.08215240928853915,<20k,0,0,0,0,1,0,0,1
108,1.5005665241168118,1.0143505413218785,1.1948513637437503,1.0039370184380154,-0.3428038246190091,-0.16549087269163487,0.4823463801877667,-0.19127222146041917,-0.9619947668595775,-0.9811328036066295,0.29858447692121975,<20k,0,0,0,1,0,0,0,1
109,1.5005665241168118,1.0143505413218785,1.1948513637437503,1.3461004053382633,-0.3428038246190091,0.6047242453637887,1.3776287726563363,-0.19127222146041917,0.4391715240011116,0.33945442981925766,0.464683505569556,<20k,0,0,0,1,0,0,0,1
110,2.5390796079497524,2.004435482383677,1.1948513637437503,1.409893579167123,-0.3428038246190091,-0.16549087269163487,0.4823463801877667,-0.19127222146041917,-0.9619947668595775,-0.9811328036066295,0.43888782309007957,<20k,0,0,0,0,1,0,0,1
111,2.5390796079497524,2.004435482383677,1.1948513637437503,1.7965188750996064,-0.3428038246190091,0.6047242453637887,1.3776287726563363,-0.19127222146041917,-0.0278839062857848,-0.8344008887815308,0.48670421012520665,<20k,0,0,0,0,1,0,0,1
112,1.5005665241168118,1.0143505413218785,1.1948513637437503,1.0039370184380154,-0.3428038246190091,-0.16549087269163487,0.4823463801877667,-0.1395631205679589,-0.9619947668595775,-0.9811328036066295,0.4307087042551236,<20k,0,0,0,1,0,0,0,1
113,1.5005665241168118,1.0143505413218785,1.1948513637437503,1.3461004053382633,-0.3428038246190091,0.6047242453637887,1.3776287726563363,-0.19127222146041917,0.4391715240011116,0.33945442981925766,0.5968077329034599,<20k,0,0,0,1,0,0,0,1
114,1.5170508587808258,1.0143505413218785,1.1472656446804432,1.1102589748194485,-0.3428038246190091,0.17147824145761292,1.0418978754806218,1.0238916495123973,-1.117679910288543,-0.9811328036066295,0.6219742523956321,<20k,0,0,0,1,0,0,0,1
115,-0.8402089981733099,-1.3715918576303192,-0.9940917131681937,-1.2326903185314009,-0.3428038246190091,-0.8875675458685944,-1.3455218377688936,-0.889345083508633,1.8403378148618006,1.5133097484200462,-0.9607481584670753,<20k,0,0,1,0,0,0,1,0
116,-0.8402089981733099,-1.3715918576303192,-0.9940917131681937,-0.8267337578022933,-0.3428038246190091,-0.6950137663547385,-1.121701239651753,-0.010290368336808199,-0.18356904971475024,-0.10074131465603804,-0.6606374135229223,<20k,0,0,1,0,0,0,1,0
117,-0.8402089981733099,-1.3715918576303192,-0.9940917131681937,-1.1379671210279425,-0.3428038246190091,-0.8875675458685944,-1.3455218377688936,-0.889345083508633,0.9062269542880079,1.0731140039447504,-0.8780761419352897,<20k,0,0,1,0,0,0,1,0
118,-0.8402089981733099,-0.5600468239731085,-0.9940917131681937,-1.0954383384753692,-0.3428038246190091,-0.8875675458685944,-1.3455218377688936,-0.889345083508633,0.9062269542880079,1.0731140039447504,-0.8198156493109112,<20k,0,0,0,1,0,0,1,0
119,-0.8402089981733099,-0.5600468239731085,-0.9940917131681937,-0.704946789583561,-0.3428038246190091,-0.6950137663547385,-1.3455218377688936,-0.889345083508633,0.9062269542880079,1.0731140039447504,-0.7044271574393018,<20k,0,0,0,1,0,0,1,0
120,0.7422871295721233,0.03238105059665401,-0.6134059606617708,-0.039951280579689656,-0.3428038246190091,-0.11735242781317091,0.07200861697300649,-0.37225407458403015,-0.18356904971475024,-0.10074131465603804,-0.5393347895706524,<20k,0,0,0,0,1,0,1,0
121,-0.4775536355649807,-0.08123525411535595,0.1955512634143823,0.5071235131647743,-0.3428038246190091,0.7010011351207166,0.9672910094415743,1.1014553008510877,-0.9619947668595775,-0.9811328036066295,-0.0557601175285643,<20k,0,0,1,0,0,0,0,1
122,-0.7083343208611907,-0.4301996185879552,1.1472656446804432,0.42979845397827765,-0.3428038246190091,0.5806550229245567,2.272911165124904,1.0497461999586275,-0.9619947668595775,-0.5409370591313337,1.1086947393742417,>=20k,0,0,1,0,0,0,0,1
123,-1.5325510540619376,-0.4301996185879552,-0.4230630844085559,0.38726967142570445,1.5449651821870396,1.6156315878115322,1.5268425047344312,2.7044374285173562,-1.2733650537175085,-0.8344008887815308,2.431195338687889,>=20k,0,1,0,0,0,0,0,1
124,-1.5325510540619376,-0.4301996185879552,-0.4230630844085559,0.38726967142570445,1.5449651821870396,1.6156315878115322,1.5268425047344312,2.7044374285173562,-1.2733650537175085,-0.8344008887815308,2.61994423487918,>=20k,0,1,0,0,0,0,0,1
125,-1.5325510540619376,-0.4301996185879552,-0.4230630844085559,0.4723272365308508,1.5449651821870396,1.6156315878115322,1.5268425047344312,2.7044374285173562,-1.2733650537175085,-0.8344008887815308,2.9974420272617626,>=20k,1,0,0,0,0,0,0,1
126,-0.4445849662369527,0.5923471238201299,0.2907227015409897,0.04510628452545669,-0.3428038246190091,0.12333979657914895,0.4823463801877667,-2.569890862513592,-0.3392541931437157,0.045990600169060515,-0.4922733981202905,<20k,0,0,0,0,1,0,1,0
127,-0.4445849662369527,0.21092095800124178,0.33830842060429006,-0.1849357665543709,-0.3428038246190091,0.12333979657914895,0.4823463801877667,-2.569890862513592,-0.3392541931437157,0.045990600169060515,-0.41677383964377396,<20k,0,0,1,0,0,0,1,0
128,0.04994507368349542,1.0062350909853068,0.2907227015409897,0.1978232764187876,-0.3428038246190091,-0.1414216502524029,0.7807738443439566,0.1965460352330329,-0.6506244800016466,-0.39420514430623516,-0.1707711116077911,<20k,0,0,1,0,0,0,1,0
129,0.04994507368349542,1.0062350909853068,0.2907227015409897,0.26934895616629706,-0.3428038246190091,-0.1414216502524029,0.7807738443439566,0.1965460352330329,-0.6506244800016466,-0.39420514430623516,-0.13050468042031563,<20k,0,0,0,1,0,0,1,0
130,0.04994507368349542,1.0062350909853068,0.2907227015409897,0.29254647392224603,-0.3428038246190091,-0.1414216502524029,-2.9495694576084133,0.1965460352330329,-0.6506244800016466,-0.39420514430623516,0.2306348742923549,<20k,0,0,1,0,0,0,1,0
131,0.04994507368349542,1.0062350909853068,0.2907227015409897,0.3911359243850293,-0.3428038246190091,-0.1414216502524029,0.7807738443439566,0.1965460352330329,-0.6506244800016466,-0.39420514430623516,0.2897761950989595,<20k,0,0,0,1,0,0,1,0
132,0.04994507368349542,1.0062350909853068,0.2907227015409897,0.48779224836815016,-0.3428038246190091,-0.1414216502524029,0.7807738443439566,1.48927355754454,-0.9619947668595775,-0.6876689739564323,0.6219742523956321,<20k,0,0,1,0,0,0,1,0
133,0.04994507368349542,1.0062350909853068,0.2907227015409897,0.5631841810749844,-0.3428038246190091,-0.1414216502524029,0.7807738443439566,1.48927355754454,-0.9619947668595775,-0.6876689739564323,0.6811155732022366,<20k,0,0,0,1,0,0,1,0
134,-0.8402089981733099,-1.4040536589766082,-1.1844345894214052,-0.9775176232159618,-0.3428038246190091,-0.7190829887939706,1.0792013085001464,-0.8634905330624028,0.9062269542880079,0.7796501742945533,-1.017876157714306,<20k,0,0,1,0,0,0,1,0
135,-0.8402089981733099,-1.3228991556108871,-1.0892631512947977,-0.8421987696395926,-0.3428038246190091,-0.4543215419624187,1.0792013085001464,-0.7600723312774822,0.12780123714318065,0.045990600169060515,-0.7743900816275404,<20k,0,0,1,0,0,0,1,0
136,-0.9061463368293705,-1.3715918576303192,-0.9940917131681937,-0.6102235920801027,-0.3428038246190091,-0.4543215419624187,1.0792013085001464,-0.7600723312774822,0.12780123714318065,0.045990600169060515,-0.705182153024067,<20k,0,0,1,0,0,1,0,0
137,-0.263257284932787,-0.17862065815422032,-0.232720208155341,-0.7938706076480322,-0.3428038246190091,-0.4543215419624187,1.0792013085001464,-0.527381377261411,1.0619120977169734,0.9263820891196519,-0.7652043020128976,<20k,0,0,0,1,0,0,1,0
138,-0.263257284932787,-0.17862065815422032,-0.232720208155341,-0.7068799160632234,-0.3428038246190091,-0.4543215419624187,1.0792013085001464,-0.527381377261411,0.4391715240011116,0.33945442981925766,-0.6835389462607989,<20k,0,0,0,1,0,0,1,0
139,-0.263257284932787,-0.17862065815422032,-0.232720208155341,-0.4169109441138609,-0.3428038246190091,-0.4543215419624187,1.0792013085001464,-0.2171267719066493,0.12780123714318065,0.19272251499415907,-0.40859472080881803,<20k,0,0,0,1,0,0,1,0
140,-0.2962259542608173,-0.17862065815422032,-0.232720208155341,-0.32992025252905216,-0.3428038246190091,-0.4543215419624187,1.0792013085001464,-0.527381377261411,-0.18356904971475024,-0.8344008887815308,-0.5000750191628638,<20k,0,0,0,1,0,1,0,0
141,-0.2962259542608173,-0.17862065815422032,-0.232720208155341,-0.08827944257125007,-0.3428038246190091,-0.4543215419624187,1.0792013085001464,0.22240058567926305,-0.18356904971475024,-0.24747322948113662,-0.24513817670715984,<20k,0,0,0,1,0,1,0,0
142,-0.2962259542608173,-0.056888903105638704,-0.232720208155341,-0.5135672680969818,-0.3428038246190091,-0.4543215419624187,1.0792013085001464,-0.527381377261411,0.4391715240011116,0.19272251499415907,-0.7227987166685875,<20k,0,0,0,0,1,0,1,0
143,-0.2962259542608173,-0.056888903105638704,-0.232720208155341,-0.194601398952683,-0.3428038246190091,-0.4543215419624187,1.0792013085001464,-0.2171267719066493,-0.0278839062857848,0.045990600169060515,-0.3786465626131332,<20k,0,0,0,0,1,0,1,0
144,-0.3127102889248313,-0.04877345276906706,-0.232720208155341,-0.2622608257408676,-0.3428038246190091,-0.4543215419624187,1.0792013085001464,-0.527381377261411,-0.3392541931437157,-0.24747322948113662,-0.6535907880651141,<20k,0,0,0,0,1,1,0,0
145,-0.3127102889248313,-0.04877345276906706,-0.232720208155341,0.1823582645814883,-0.3428038246190091,-0.4543215419624187,1.0792013085001464,0.22240058567926305,-0.3392541931437157,-1.127864718431728,-0.19040099681168537,<20k,0,0,0,0,1,1,0,0
146,-0.5105223048930111,-1.2579755529183116,-1.0892631512947977,-1.103170844394019,-0.3428038246190091,-0.8394291009901305,-1.0470943736127054,-1.0444723861860137,1.5289675280038697,1.219845918769849,-0.9889346602983081,<20k,0,0,1,0,0,0,1,0
147,-0.5105223048930111,-1.2579755529183116,-1.0892631512947977,-0.996848888012586,-0.3428038246190091,-0.8394291009901305,-1.0470943736127054,-1.0444723861860137,0.9062269542880079,1.0731140039447504,-0.8643603888120559,<20k,0,0,1,0,0,0,1,0
148,-0.5105223048930111,-1.2579755529183116,-1.0892631512947977,-1.0451770500041464,-0.3428038246190091,-0.8394291009901305,-1.0470943736127054,-1.0444723861860137,0.9062269542880079,1.0731140039447504,-0.8454854991929268,<20k,0,0,1,0,0,0,1,0
149,-0.5105223048930111,-0.3652760158953797,-1.0892631512947977,-0.532898532893606,-0.3428038246190091,-0.8394291009901305,-1.0470943736127054,-1.0444723861860137,0.9062269542880079,0.9263820891196519,-0.7913774822847567,<20k,0,0,0,0,1,0,1,0
150,-0.5105223048930111,-0.3652760158953797,-1.0892631512947977,-0.5135672680969818,-0.3428038246190091,-0.8394291009901305,-1.0470943736127054,-1.0444723861860137,0.2834863805721461,0.19272251499415907,-0.6680615367731131,<20k,0,0,0,0,1,1,0,0
151,-0.5105223048930111,-0.3652760158953797,-1.0892631512947977,1.0715964452262001,-0.3428038246190091,-0.8394291009901305,-1.0470943736127054,-1.0444723861860137,0.2834863805721461,0.19272251499415907,-0.5573288510075555,<20k,0,0,0,0,1,1,0,0
152,-0.5105223048930111,-0.6412013273388295,-0.7085773987883714,-0.9175907023464269,-0.3428038246190091,-0.6950137663547385,-0.5248463113393732,-0.8376359826161727,0.7505418108590425,0.9263820891196519,-0.7888608303355394,<20k,0,0,0,1,0,0,1,0
153,-0.5105223048930111,-0.6412013273388295,-0.7085773987883714,-0.8634631609158793,-0.3428038246190091,-0.6950137663547385,-0.5248463113393732,-0.8376359826161727,0.7505418108590425,0.9263820891196519,-0.7561443549957156,<20k,0,0,1,0,0,0,1,0
154,-0.5105223048930111,-0.6412013273388295,-0.7085773987883714,-0.5425641652919181,-0.3428038246190091,-0.4061830970839547,-0.22641884718318334,-1.1995996888633946,1.3732823845749043,0.7796501742945533,-0.6680615367731131,<20k,0,0,0,1,0,0,1,0
155,-0.5105223048930111,-0.6412013273388295,-0.7085773987883714,-0.5425641652919181,-0.3428038246190091,-0.4061830970839547,-0.22641884718318334,-1.1995996888633946,1.996022958290766,2.3937012373706374,-0.6819031224938077,<20k,0,0,1,0,0,0,1,0
156,-0.5105223048930111,-0.6412013273388295,-0.7085773987883714,-0.8924600581108155,-0.3428038246190091,-0.6950137663547385,-0.5248463113393732,-0.8376359826161727,1.996022958290766,2.3937012373706374,-0.6881947523668508,<20k,0,0,0,1,0,0,1,0
157,-0.5105223048930111,-0.6412013273388295,-0.7085773987883714,-0.8383325166802679,-0.3428038246190091,-0.6950137663547385,-0.5248463113393732,-0.8376359826161727,0.4391715240011116,0.4861863446443562,-0.6101785419411171,<20k,0,0,1,0,0,0,1,0
158,-0.5105223048930111,-0.6412013273388295,-0.7085773987883714,-0.8035362400463443,-0.3428038246190091,-0.6950137663547385,-0.5248463113393732,-0.8376359826161727,0.4391715240011116,0.4861863446443562,-0.49692920422634235,<20k,0,0,0,1,0,0,1,0
159,-0.7083343208611907,-0.4464305192611008,-0.8989202750415862,-0.7474755721361342,-0.3428038246190091,-0.6950137663547385,-0.5248463113393732,-0.8376359826161727,0.594856667430077,0.4861863446443562,-0.6479283211793753,<20k,0,0,0,1,0,0,0,1
160,-0.7083343208611907,-0.4464305192611008,-0.8989202750415862,-0.6798161453479497,-0.3428038246190091,-0.6950137663547385,-0.5248463113393732,-0.8376359826161727,0.594856667430077,0.4861863446443562,-0.6252784536364203,<20k,0,0,1,0,0,0,0,1
161,-0.7083343208611907,-0.4464305192611008,-0.8989202750415862,-0.5618954300885423,-0.3428038246190091,-0.6950137663547385,-0.3383291462417537,0.2482551361254932,0.12780123714318065,-0.24747322948113662,-0.49189590032790786,<20k,0,0,0,1,0,0,0,1
162,-0.7083343208611907,-0.4464305192611008,-0.8989202750415862,-0.4942360033003576,-0.3428038246190091,-0.6950137663547385,-0.3383291462417537,0.2482551361254932,0.12780123714318065,-0.24747322948113662,-0.4616960769373013,<20k,0,0,1,0,0,0,0,1
163,-0.06544526896460727,0.16222825598180726,-0.13754877002874033,-0.03028564818137757,-0.3428038246190091,0.46030891072839675,1.0792013085001464,0.3516733379104137,-0.18356904971475024,-0.10074131465603804,-0.5987277755721787,<20k,0,1,0,0,0,0,0,1
164,-0.06544526896460727,0.16222825598180726,-0.13754877002874033,-0.03801815410002724,-0.3428038246190091,0.46030891072839675,1.0792013085001464,0.3516733379104137,-0.18356904971475024,-0.10074131465603804,-0.44898698459375436,<20k,0,1,0,0,0,0,0,1
165,-0.06544526896460727,0.16222825598180726,-0.13754877002874033,-0.009021256905090985,-0.3428038246190091,0.46030891072839675,1.0792013085001464,0.3516733379104137,-0.18356904971475024,-0.10074131465603804,-0.4049455754824531,<20k,0,0,1,0,0,0,0,1
166,-0.06544526896460727,0.16222825598180726,-0.13754877002874033,0.23841893249169838,-0.3428038246190091,0.46030891072839675,1.0792013085001464,0.3516733379104137,-0.18356904971475024,-0.10074131465603804,-0.2526881325548115,<20k,0,1,0,0,0,0,0,1
167,-0.06544526896460727,0.16222825598180726,-0.13754877002874033,0.30607835927988297,-0.3428038246190091,0.46030891072839675,1.0792013085001464,0.3516733379104137,-0.18356904971475024,-0.10074131465603804,-0.2086467234435102,<20k,0,0,1,0,0,0,0,1
168,-0.06544526896460727,0.16222825598180726,-0.13754877002874033,0.8106243704717737,-0.3428038246190091,0.46030891072839675,1.0792013085001464,0.3516733379104137,-0.18356904971475024,-0.10074131465603804,0.561448773016958,<20k,1,0,0,0,0,0,0,1
169,0.5939281175959903,0.1135355539623751,0.2907227015409897,-0.44397471482913475,-0.3428038246190091,-0.11735242781317091,-0.07720511510508843,-0.2688358727991096,0.594856667430077,0.4861863446443562,-0.5359373094392091,<20k,0,0,0,1,0,0,1,0
170,0.5939281175959903,0.1135355539623751,0.2907227015409897,-0.14627323696112257,-0.3428038246190091,-0.4061830970839547,-0.22641884718318334,-0.7600723312774822,0.7505418108590425,0.33945442981925766,-0.31573026388270276,<20k,0,0,0,1,0,0,1,0
171,0.5939281175959903,0.1135355539623751,0.2907227015409897,-0.2738595846188421,-0.3428038246190091,-0.11735242781317091,-0.07720511510508843,-0.2688358727991096,0.2834863805721461,0.19272251499415907,-0.40507140807991393,<20k,0,0,1,0,0,0,1,0
172,0.5939281175959903,0.1135355539623751,0.2907227015409897,-0.2738595846188421,-0.3428038246190091,-0.11735242781317091,-0.07720511510508843,-0.2688358727991096,0.2834863805721461,0.19272251499415907,-0.29056374439053057,<20k,0,0,0,1,0,0,1,0
173,0.5939281175959903,0.1135355539623751,0.2907227015409897,-0.18880201951369574,-0.3428038246190091,-0.11735242781317091,-0.07720511510508843,-0.2688358727991096,0.2834863805721461,0.19272251499415907,-0.2465223352792293,<20k,0,0,1,0,0,0,1,0
174,0.676349790916065,0.754656130551572,0.8617513303006276,0.8125574969514362,1.5449651821870396,1.0620394717091963,-0.22641884718318334,1.51512810799077,-0.8063096234306121,-0.9811328036066295,0.42164875723794165,<20k,0,0,1,0,0,0,0,1
175,0.676349790916065,0.754656130551572,0.8617513303006276,0.8898825561379329,1.5449651821870396,1.0620394717091963,-0.22641884718318334,1.51512810799077,-0.9619947668595775,-0.9811328036066295,0.35118250265985956,<20k,0,0,1,0,0,0,0,1
176,0.940099145540303,1.1036204950241737,0.2907227015409897,1.1121921012991107,1.5449651821870396,1.0620394717091963,-0.22641884718318334,1.3858553557596194,-0.8063096234306121,-0.9811328036066295,0.31242606264191447,<20k,0,0,0,1,0,0,0,1
177,0.940099145540303,1.1036204950241737,0.2907227015409897,1.150854630892359,1.5449651821870396,0.8213472473168766,-0.22641884718318334,1.3858553557596194,-0.9619947668595775,-0.9811328036066295,0.3199760184895661,<20k,0,0,0,0,1,0,0,1
178,-0.246772950268773,-0.20296700916393756,-0.18513448909204067,-0.5696279360071919,-0.3428038246190091,-0.7190829887939706,-1.1963081056908003,-1.3030178906483152,1.8403378148618006,2.246969322545539,-0.6835389462607989,<20k,0,0,0,1,0,0,1,0
179,-0.246772950268773,-0.20296700916393756,-0.18513448909204067,-0.6701505129496376,-0.3428038246190091,-0.4302523195231867,-0.5248463113393732,-0.44981772592272057,0.2834863805721461,0.4861863446443562,-0.6583724267686267,<20k,0,0,0,1,0,0,1,0
180,-0.246772950268773,-0.20296700916393756,-0.18513448909204067,-0.5638285565682046,-0.3428038246190091,-0.7190829887939706,-1.1963081056908003,-1.3030178906483152,1.8403378148618006,2.246969322545539,-0.6558557748194095,<20k,0,0,0,1,0,0,1,0
181,-0.246772950268773,-0.20296700916393756,-0.18513448909204067,-0.6643511335106503,-0.3428038246190091,-0.4302523195231867,-0.5248463113393732,-0.44981772592272057,0.2834863805721461,0.4861863446443562,-0.6306892553272374,<20k,0,0,0,1,0,0,1,0
182,-0.246772950268773,-0.20296700916393756,-0.18513448909204067,-0.5425641652919181,-0.3428038246190091,-0.4302523195231867,-0.5248463113393732,-0.44981772592272057,0.2834863805721461,0.4861863446443562,-0.5929394760889791,<20k,0,0,0,1,0,0,1,0
183,-0.246772950268773,-0.20296700916393756,-0.18513448909204067,-0.4575066001867717,-0.3428038246190091,-0.7190829887939706,-1.1963081056908003,-0.889345083508633,1.8403378148618006,1.6600416632451447,-0.4671068786281183,<20k,0,0,0,1,0,0,1,0
184,-0.246772950268773,-0.20296700916393756,-0.18513448909204067,-0.4942360033003576,-0.3428038246190091,-0.4302523195231867,-0.5248463113393732,-0.061999469229268474,0.12780123714318065,0.19272251499415907,-0.4041905798976879,<20k,0,0,0,1,0,0,1,0
185,-0.7083343208611907,-1.209282850898877,-0.8037488369149789,-0.5831598213648288,-0.3428038246190091,-0.4302523195231867,-0.5248463113393732,-0.32054497369156987,-0.18356904971475024,-0.24747322948113662,-0.2028584239603106,<20k,1,0,0,0,0,0,1,0
186,-0.7083343208611907,-0.689894029358264,-0.8989202750415862,-0.6469529951936885,-0.3428038246190091,-0.4302523195231867,-0.5248463113393732,-0.32054497369156987,-0.18356904971475024,-0.24747322948113662,-0.4060780688596008,<20k,0,0,1,0,0,0,1,0
187,0.2642414243156915,0.48684626944469156,0.4810655777942046,0.20362265585777486,0.6010806787840153,0.2196166863360769,-0.5248463113393732,0.1965460352330329,-0.9619947668595775,-0.9811328036066295,0.01105699172315279,<20k,0,0,0,1,0,0,1,0
188,0.2642414243156915,0.48684626944469156,0.4810655777942046,0.04510628452545669,-0.3428038246190091,-0.7190829887939706,-1.1963081056908003,-0.889345083508633,1.2175972411459388,1.0731140039447504,0.08026492032662624,<20k,0,0,0,1,0,0,1,0
189,0.2642414243156915,0.7221943292052831,0.4810655777942046,0.014176260850858017,-0.3428038246190091,-0.4302523195231867,-0.5248463113393732,-0.37225407458403015,-0.0278839062857848,0.045990600169060515,-0.11540476872501233,<20k,0,0,0,0,1,0,1,0
190,0.9071304762122726,1.1847749983898948,0.6238227349841123,0.6888374022530415,-0.3428038246190091,0.3399627985322368,1.6760562368125245,0.29996423701795344,-0.3392541931437157,-0.39420514430623516,-0.0336135803754528,<20k,0,0,0,1,0,0,0,1
191,0.9071304762122726,1.1847749983898948,0.6238227349841123,0.9246788327718564,-0.3428038246190091,0.3399627985322368,1.6760562368125245,0.29996423701795344,-0.3392541931437157,-0.39420514430623516,0.026156903418456088,<20k,0,0,0,0,1,0,0,1
192,0.9071304762122726,1.1847749983898948,0.6238227349841123,0.733299311285277,-0.3428038246190091,0.3399627985322368,1.6760562368125245,0.29996423701795344,-0.18356904971475024,-0.39420514430623516,0.3495466788928684,<20k,0,0,0,1,0,0,0,1
193,0.9071304762122726,1.1847749983898948,0.6238227349841123,0.9401438446091557,-0.3428038246190091,0.3399627985322368,1.6760562368125245,0.29996423701795344,-0.18356904971475024,-0.39420514430623516,0.4162379555471246,<20k,0,0,0,0,1,0,0,1
194,0.9071304762122726,1.1847749983898948,0.6238227349841123,0.9459432240481429,-0.3428038246190091,0.07520135170068498,1.0792013085001464,1.540982658437,-1.2733650537175085,-1.2745966332568266,0.6559490537100645,<20k,0,0,0,1,0,0,0,1
195,0.9071304762122726,1.1847749983898948,0.6238227349841123,1.1624533897703335,-0.3428038246190091,0.07520135170068498,1.0792013085001464,1.540982658437,-1.2733650537175085,-1.2745966332568266,0.7226403303643207,<20k,0,0,0,0,1,0,0,1
196,1.6983785400849891,1.1847749983898948,1.4327799590602655,0.7661624614395381,-0.3428038246190091,0.3399627985322368,1.6760562368125245,0.29996423701795344,-0.3392541931437157,-0.39420514430623516,0.4577627127092087,<20k,0,0,0,1,0,0,0,1
197,1.6983785400849891,1.1847749983898948,1.3851942399969583,0.9536757299667926,-0.3428038246190091,0.3399627985322368,1.6760562368125245,1.48927355754454,-0.9619947668595775,-0.8344008887815308,0.7345944271231025,<20k,0,0,0,1,0,0,0,1
198,1.6983785400849891,1.1847749983898948,1.4327799590602655,0.8821500502192832,1.5449651821870396,1.1101779165876604,0.9299875764220514,0.8170552459425562,-1.117679910288543,-1.127864718431728,1.041625964927603,>=20k,0,0,0,1,0,0,0,1
199,1.6983785400849891,1.1847749983898948,1.4327799590602655,1.2784409785500785,1.5449651821870396,0.43623968828916476,-1.1963081056908003,0.09312783344811236,0.12780123714318065,-0.5409370591313337,1.1655710734265508,>=20k,0,0,0,1,0,0,0,1
200,1.6983785400849891,1.1847749983898948,1.4327799590602655,0.978806374202404,-0.3428038246190091,0.3399627985322368,1.6760562368125245,0.29996423701795344,-0.9619947668595775,-0.8344008887815308,1.1850751260329841,>=20k,0,0,0,1,0,0,0,1
